original_code,normalized_code,mapped_soc2019_code,mapped_soc2019_title,path_length,first_detected_version,last_detected_version
11-1011.01,11-1011.01,11-1011.00,Chief Executives,1,2000,2010
11-1011.02,11-1011.02,11-1011.00,Chief Executives,1,2000,2010
11-2011.01,11-2011.01,11-2011.00,Advertising and Promotions Managers,1,2010,2010
11-2031.00,11-2031.00,11-2032.00,Public Relations Managers,1,2010,2010
11-2031.00,11-2031.00,11-2033.00,Fundraising Managers,1,2010,2010
11-3011.00,11-3011.00,11-3012.00,Administrative Services Managers,1,2010,2010
11-3011.00,11-3011.00,11-3013.00,Facilities Managers,1,2010,2010
11-3031.02,11-3031.02,11-3031.00,Financial Managers,1,2010,2010
11-3040.00,11-3040.00,11-3121.00,Human Resources Managers,1,2009,2010
11-3041.00,11-3041.00,11-3111.00,Compensation and Benefits Managers,1,2009,2010
11-3042.00,11-3042.00,11-3131.00,Training and Development Managers,1,2009,2010
11-3049.00,11-3049.00,11-3121.00,Human Resources Managers,1,2009,2010
11-3049.99,11-3049.99,11-3121.00,Human Resources Managers,2,2006,2009
11-3051.05,11-3051.05,11-3051.00,Industrial Production Managers,1,2010,2010
11-3071.01,11-3071.01,11-3071.00,"Transportation, Storage, and Distribution Managers",1,2010,2010
11-3071.02,11-3071.02,11-3071.00,"Transportation, Storage, and Distribution Managers",1,2010,2010
11-3071.03,11-3071.03,11-3071.00,"Transportation, Storage, and Distribution Managers",1,2010,2010
11-9011.00,11-9011.00,11-9013.00,"Farmers, Ranchers, and Other Agricultural Managers",1,2009,2010
11-9011.01,11-9011.01,11-9013.00,"Farmers, Ranchers, and Other Agricultural Managers",2,2009,2010
11-9011.02,11-9011.02,11-9013.00,"Farmers, Ranchers, and Other Agricultural Managers",2,2009,2010
11-9011.03,11-9011.03,11-9013.00,"Farmers, Ranchers, and Other Agricultural Managers",2,2009,2010
11-9012.00,11-9012.00,11-9013.00,"Farmers, Ranchers, and Other Agricultural Managers",2,2009,2010
11-9013.01,11-9013.01,11-9013.00,"Farmers, Ranchers, and Other Agricultural Managers",1,2010,2010
11-9013.02,11-9013.02,11-9013.00,"Farmers, Ranchers, and Other Agricultural Managers",1,2010,2010
11-9013.03,11-9013.03,11-9013.00,"Farmers, Ranchers, and Other Agricultural Managers",1,2010,2010
11-9039.01,11-9039.01,11-9039.00,"Education Administrators, All Other",1,2010,2010
11-9039.02,11-9039.02,11-9179.01,Fitness and Wellness Coordinators,1,2010,2010
11-9039.99,11-9039.99,11-9039.00,"Education Administrators, All Other",1,2006,2010
11-9061.00,11-9061.00,39-4031.00,"Morticians, Undertakers, and Funeral Arrangers",1,2010,2010
11-9061.00,11-9061.00,11-9171.00,Funeral Home Managers,1,2010,2010
11-9111.01,11-9111.01,29-1141.04,Clinical Nurse Specialists,1,2009,2010
11-9199.03,11-9199.03,11-3031.03,Investment Fund Managers,1,2010,2010
11-9199.04,11-9199.04,11-3071.04,Supply Chain Managers,1,2010,2010
11-9199.05,11-9199.05,13-1199.06,Online Merchants,1,2009,2010
11-9199.06,11-9199.06,11-3071.00,"Transportation, Storage, and Distribution Managers",2,2009,2010
11-9199.07,11-9199.07,11-3013.01,Security Managers,1,2010,2010
11-9199.07,11-9199.07,11-9199.00,"Managers, All Other",1,2010,2010
11-9199.99,11-9199.99,11-9199.00,"Managers, All Other",1,2006,2010
13-1031.01,13-1031.01,13-1031.00,"Claims Adjusters, Examiners, and Investigators",1,2010,2010
13-1031.02,13-1031.02,13-1031.00,"Claims Adjusters, Examiners, and Investigators",1,2010,2010
13-1041.02,13-1041.02,13-1041.00,Compliance Officers,1,2010,2010
13-1041.05,13-1041.05,47-4011.00,Construction and Building Inspectors,1,2000,2010
13-1061.00,13-1061.00,11-9161.00,Emergency Management Directors,1,2009,2010
13-1071.01,13-1071.01,13-1071.00,Human Resources Specialists,1,2009,2010
13-1071.02,13-1071.02,13-1071.00,Human Resources Specialists,1,2009,2010
13-1072.00,13-1072.00,13-1141.00,"Compensation, Benefits, and Job Analysis Specialists",1,2009,2010
13-1073.00,13-1073.00,13-1151.00,Training and Development Specialists,1,2009,2010
13-1079.00,13-1079.00,13-1071.00,Human Resources Specialists,1,2009,2010
13-1079.00,13-1079.00,13-1075.00,Labor Relations Specialists,1,2009,2010
13-1079.99,13-1079.99,13-1071.00,Human Resources Specialists,2,2006,2009
13-1079.99,13-1079.99,13-1075.00,Labor Relations Specialists,2,2006,2009
13-1199.01,13-1199.01,47-4011.01,Energy Auditors,1,2010,2010
13-1199.02,13-1199.02,13-1199.00,"Business Operations Specialists, All Other",1,2010,2010
13-1199.02,13-1199.02,13-1199.07,Security Management Specialists,1,2010,2010
13-1199.03,13-1199.03,13-1041.08,Customs Brokers,1,2010,2010
13-1199.99,13-1199.99,13-1199.00,"Business Operations Specialists, All Other",1,2006,2010
13-2011.01,13-2011.01,13-2011.00,Accountants and Auditors,1,2010,2010
13-2011.02,13-2011.02,13-2011.00,Accountants and Auditors,1,2010,2010
13-2021.00,13-2021.00,13-2022.00,Appraisers of Personal and Business Property,1,2010,2010
13-2021.00,13-2021.00,13-2023.00,Appraisers and Assessors of Real Estate,1,2010,2010
13-2021.01,13-2021.01,13-2023.00,Appraisers and Assessors of Real Estate,1,2010,2010
13-2021.02,13-2021.02,13-2023.00,Appraisers and Assessors of Real Estate,1,2010,2010
13-2071.01,13-2071.01,13-2072.00,Loan Officers,1,2010,2010
13-2099.02,13-2099.02,13-2054.00,Financial Risk Specialists,1,2010,2010
13-2099.03,13-2099.03,13-2051.00,Financial and Investment Analysts,1,2010,2010
13-2099.99,13-2099.99,13-2099.00,"Financial Specialists, All Other",1,2006,2010
15-1011.00,15-1011.00,15-1221.00,Computer and Information Research Scientists,2,2009,2010
15-1021.00,15-1021.00,15-1251.00,Computer Programmers,2,2009,2010
15-1031.00,15-1031.00,15-1252.00,Software Developers,2,2009,2010
15-1031.00,15-1031.00,15-1253.00,Software Quality Assurance Analysts and Testers,2,2009,2010
15-1032.00,15-1032.00,15-1252.00,Software Developers,2,2009,2010
15-1032.00,15-1032.00,15-1253.00,Software Quality Assurance Analysts and Testers,2,2009,2010
15-1041.00,15-1041.00,15-1232.00,Computer User Support Specialists,2,2009,2010
15-1051.00,15-1051.00,15-1211.00,Computer Systems Analysts,2,2009,2010
15-1051.01,15-1051.01,15-1211.01,Health Informatics Specialists,2,2009,2010
15-1061.00,15-1061.00,15-1242.00,Database Administrators,2,2009,2010
15-1061.00,15-1061.00,15-1243.00,Database Architects,2,2009,2010
15-1071.00,15-1071.00,15-1244.00,Network and Computer Systems Administrators,2,2009,2010
15-1071.01,15-1071.01,15-1212.00,Information Security Analysts,2,2009,2010
15-1081.00,15-1081.00,15-1241.00,Computer Network Architects,2,2009,2010
15-1081.00,15-1081.00,15-1231.00,Computer Network Support Specialists,2,2009,2010
15-1081.01,15-1081.01,15-1241.01,Telecommunications Engineering Specialists,2,2009,2010
15-1099.00,15-1099.00,13-1082.00,Project Management Specialists,2,2009,2010
15-1099.00,15-1099.00,15-1255.00,Web and Digital Interface Designers,2,2009,2010
15-1099.00,15-1099.00,15-1299.00,"Computer Occupations, All Other",2,2009,2010
15-1099.01,15-1099.01,15-1253.00,Software Quality Assurance Analysts and Testers,2,2009,2010
15-1099.02,15-1099.02,15-1299.08,Computer Systems Engineers/Architects,2,2009,2010
15-1099.03,15-1099.03,15-1241.00,Computer Network Architects,2,2009,2010
15-1099.04,15-1099.04,15-1254.00,Web Developers,2,2009,2010
15-1099.04,15-1099.04,15-1255.00,Web and Digital Interface Designers,2,2009,2010
15-1099.05,15-1099.05,15-1299.01,Web Administrators,2,2009,2010
15-1099.06,15-1099.06,15-1299.02,Geographic Information Systems Technologists and Technicians,2,2009,2010
15-1099.07,15-1099.07,15-1299.02,Geographic Information Systems Technologists and Technicians,2,2009,2010
15-1099.08,15-1099.08,15-1243.00,Database Architects,2,2009,2010
15-1099.09,15-1099.09,15-1243.01,Data Warehousing Specialists,2,2009,2010
15-1099.10,15-1099.10,15-2051.01,Business Intelligence Analysts,2,2009,2010
15-1099.11,15-1099.11,15-1299.09,Information Technology Project Managers,2,2009,2010
15-1099.12,15-1099.12,13-1161.01,Search Marketing Strategists,2,2009,2010
15-1099.13,15-1099.13,15-1255.01,Video Game Designers,2,2009,2010
15-1099.14,15-1099.14,15-1299.03,Document Management Specialists,2,2009,2010
15-1099.99,15-1099.99,13-1082.00,Project Management Specialists,3,2006,2009
15-1099.99,15-1099.99,15-1255.00,Web and Digital Interface Designers,3,2006,2009
15-1099.99,15-1099.99,15-1299.00,"Computer Occupations, All Other",3,2006,2009
15-1111.00,15-1111.00,15-1221.00,Computer and Information Research Scientists,1,2010,2010
15-1121.00,15-1121.00,15-1211.00,Computer Systems Analysts,1,2010,2010
15-1121.01,15-1121.01,15-1211.01,Health Informatics Specialists,1,2010,2010
15-1122.00,15-1122.00,15-1212.00,Information Security Analysts,1,2010,2010
15-1131.00,15-1131.00,15-1251.00,Computer Programmers,1,2010,2010
15-1132.00,15-1132.00,15-1252.00,Software Developers,1,2010,2010
15-1132.00,15-1132.00,15-1253.00,Software Quality Assurance Analysts and Testers,1,2010,2010
15-1133.00,15-1133.00,15-1252.00,Software Developers,1,2010,2010
15-1133.00,15-1133.00,15-1253.00,Software Quality Assurance Analysts and Testers,1,2010,2010
15-1134.00,15-1134.00,15-1254.00,Web Developers,1,2010,2010
15-1134.00,15-1134.00,15-1255.00,Web and Digital Interface Designers,1,2010,2010
15-1141.00,15-1141.00,15-1242.00,Database Administrators,1,2010,2010
15-1141.00,15-1141.00,15-1243.00,Database Architects,1,2010,2010
15-1142.00,15-1142.00,15-1244.00,Network and Computer Systems Administrators,1,2010,2010
15-1143.00,15-1143.00,15-1241.00,Computer Network Architects,1,2010,2010
15-1143.01,15-1143.01,15-1241.01,Telecommunications Engineering Specialists,1,2010,2010
15-1151.00,15-1151.00,15-1232.00,Computer User Support Specialists,1,2010,2010
15-1152.00,15-1152.00,15-1231.00,Computer Network Support Specialists,1,2010,2010
15-1199.00,15-1199.00,13-1082.00,Project Management Specialists,1,2010,2010
15-1199.00,15-1199.00,15-1255.00,Web and Digital Interface Designers,1,2010,2010
15-1199.00,15-1199.00,15-1299.00,"Computer Occupations, All Other",1,2010,2010
15-1199.01,15-1199.01,15-1253.00,Software Quality Assurance Analysts and Testers,1,2010,2010
15-1199.02,15-1199.02,15-1299.08,Computer Systems Engineers/Architects,1,2010,2010
15-1199.03,15-1199.03,15-1299.01,Web Administrators,1,2010,2010
15-1199.04,15-1199.04,15-1299.02,Geographic Information Systems Technologists and Technicians,1,2010,2010
15-1199.05,15-1199.05,15-1299.02,Geographic Information Systems Technologists and Technicians,1,2010,2010
15-1199.06,15-1199.06,15-1243.00,Database Architects,1,2010,2010
15-1199.07,15-1199.07,15-1243.01,Data Warehousing Specialists,1,2010,2010
15-1199.08,15-1199.08,15-2051.01,Business Intelligence Analysts,1,2010,2010
15-1199.09,15-1199.09,15-1299.09,Information Technology Project Managers,1,2010,2010
15-1199.10,15-1199.10,13-1161.01,Search Marketing Strategists,1,2010,2010
15-1199.11,15-1199.11,15-1255.01,Video Game Designers,1,2010,2010
15-1199.12,15-1199.12,15-1299.03,Document Management Specialists,1,2010,2010
15-2041.02,15-2041.02,15-2051.02,Clinical Data Managers,1,2010,2010
15-2091.00,15-2091.00,15-2099.00,"Mathematical Science Occupations, All Other",1,2010,2010
15-2099.99,15-2099.99,15-2099.00,"Mathematical Science Occupations, All Other",1,2006,2010
17-2081.01,17-2081.01,17-2051.02,Water/Wastewater Engineers,1,2010,2010
17-2111.01,17-2111.01,17-2111.00,"Health and Safety Engineers, Except Mining Safety Engineers and Inspectors",1,2010,2010
17-2111.03,17-2111.03,17-2111.00,"Health and Safety Engineers, Except Mining Safety Engineers and Inspectors",1,2010,2010
17-2121.01,17-2121.01,17-2121.00,Marine Engineers and Naval Architects,1,2010,2010
17-2121.02,17-2121.02,17-2121.00,Marine Engineers and Naval Architects,1,2010,2010
17-2199.01,17-2199.01,17-2031.00,Bioengineers and Biomedical Engineers,1,2010,2010
17-2199.02,17-2199.02,17-2112.02,Validation Engineers,1,2010,2010
17-2199.04,17-2199.04,17-2112.03,Manufacturing Engineers,1,2010,2010
17-2199.99,17-2199.99,17-2199.00,"Engineers, All Other",1,2006,2010
17-3011.01,17-3011.01,17-3011.00,Architectural and Civil Drafters,1,2010,2010
17-3011.02,17-3011.02,17-3011.00,Architectural and Civil Drafters,1,2010,2010
17-3012.01,17-3012.01,17-3012.00,Electrical and Electronics Drafters,1,2010,2010
17-3012.02,17-3012.02,17-3012.00,Electrical and Electronics Drafters,1,2010,2010
17-3019.99,17-3019.99,17-3019.00,"Drafters, All Other",1,2006,2010
17-3023.01,17-3023.01,17-3023.00,Electrical and Electronic Engineering Technologists and Technicians,1,2010,2010
17-3023.02,17-3023.02,17-3023.00,Electrical and Electronic Engineering Technologists and Technicians,2,2000,2010
17-3023.03,17-3023.03,17-3023.00,Electrical and Electronic Engineering Technologists and Technicians,1,2010,2010
17-3029.02,17-3029.02,17-3023.00,Electrical and Electronic Engineering Technologists and Technicians,1,2010,2010
17-3029.03,17-3029.03,17-3024.00,Electro-Mechanical and Mechatronics Technologists and Technicians,1,2010,2010
17-3029.04,17-3029.04,17-3023.00,Electrical and Electronic Engineering Technologists and Technicians,1,2010,2010
17-3029.05,17-3029.05,17-3026.00,Industrial Engineering Technologists and Technicians,1,2010,2010
17-3029.06,17-3029.06,17-3026.00,Industrial Engineering Technologists and Technicians,1,2010,2010
17-3029.07,17-3029.07,17-3027.00,Mechanical Engineering Technologists and Technicians,1,2010,2010
17-3029.09,17-3029.09,17-3026.00,Industrial Engineering Technologists and Technicians,1,2010,2010
17-3029.10,17-3029.10,17-3029.00,"Engineering Technologists and Technicians, Except Drafters, All Other",1,2010,2010
17-3029.11,17-3029.11,17-3026.01,Nanotechnology Engineering Technologists and Technicians,1,2010,2010
17-3029.12,17-3029.12,17-3026.01,Nanotechnology Engineering Technologists and Technicians,1,2010,2010
17-3029.99,17-3029.99,17-3029.00,"Engineering Technologists and Technicians, Except Drafters, All Other",1,2006,2010
17-3031.01,17-3031.01,17-3031.00,Surveying and Mapping Technicians,1,2010,2010
17-3031.02,17-3031.02,17-3031.00,Surveying and Mapping Technicians,1,2010,2010
19-1013.01,19-1013.01,19-1013.00,Soil and Plant Scientists,1,2000,2010
19-1013.02,19-1013.02,19-1013.00,Soil and Plant Scientists,1,2000,2010
19-1020.01,19-1020.01,19-1029.04,Biologists,1,2010,2010
19-1021.01,19-1021.01,19-1021.00,Biochemists and Biophysicists,1,2000,2010
19-1021.02,19-1021.02,19-1021.00,Biochemists and Biophysicists,1,2000,2010
19-1029.99,19-1029.99,19-1029.00,"Biological Scientists, All Other",1,2006,2010
19-1031.01,19-1031.01,19-1031.00,Conservation Scientists,1,2010,2010
19-1099.99,19-1099.99,19-1099.00,"Life Scientists, All Other",1,2006,2010
19-2042.01,19-2042.01,19-2042.00,"Geoscientists, Except Hydrologists and Geographers",1,2000,2010
19-2099.99,19-2099.99,19-2099.00,"Physical Scientists, All Other",1,2006,2010
19-3021.00,19-3021.00,13-1161.00,Market Research Analysts and Marketing Specialists,1,2009,2010
19-3031.00,19-3031.00,19-3033.00,Clinical and Counseling Psychologists,1,2010,2010
19-3031.01,19-3031.01,19-3034.00,School Psychologists,1,2010,2010
19-3031.02,19-3031.02,19-3033.00,Clinical and Counseling Psychologists,1,2010,2010
19-3031.03,19-3031.03,19-3033.00,Clinical and Counseling Psychologists,1,2010,2010
19-3039.01,19-3039.01,19-3039.02,Neuropsychologists,1,2010,2010
19-3039.01,19-3039.01,19-3039.03,Clinical Neuropsychologists,1,2010,2010
19-3039.99,19-3039.99,19-3039.00,"Psychologists, All Other",1,2006,2010
19-3091.01,19-3091.01,19-3091.00,Anthropologists and Archeologists,1,2010,2010
19-3091.02,19-3091.02,19-3091.00,Anthropologists and Archeologists,1,2010,2010
19-3099.99,19-3099.99,19-3099.00,"Social Scientists and Related Workers, All Other",1,2006,2010
19-4011.00,19-4011.00,19-4012.00,Agricultural Technicians,1,2010,2010
19-4011.00,19-4011.00,19-4013.00,Food Science Technicians,1,2010,2010
19-4011.01,19-4011.01,19-4012.00,Agricultural Technicians,1,2010,2010
19-4011.02,19-4011.02,19-4013.00,Food Science Technicians,1,2010,2010
19-4041.00,19-4041.00,19-4043.00,"Geological Technicians, Except Hydrologic Technicians",1,2010,2010
19-4041.00,19-4041.00,19-4044.00,Hydrologic Technicians,1,2010,2010
19-4041.01,19-4041.01,19-4043.00,"Geological Technicians, Except Hydrologic Technicians",1,2010,2010
19-4041.02,19-4041.02,19-4043.00,"Geological Technicians, Except Hydrologic Technicians",1,2010,2010
19-4051.01,19-4051.01,19-4051.00,Nuclear Technicians,1,2010,2010
19-4061.01,19-4061.01,19-3051.00,Urban and Regional Planners,1,2010,2010
19-4091.00,19-4091.00,19-4042.00,"Environmental Science and Protection Technicians, Including Health",1,2010,2010
19-4093.00,19-4093.00,19-4071.00,Forest and Conservation Technicians,1,2010,2010
19-4099.02,19-4099.02,19-4012.01,Precision Agriculture Technicians,1,2010,2010
19-4099.99,19-4099.99,19-4099.00,"Life, Physical, and Social Science Technicians, All Other",1,2006,2010
21-1019.99,21-1019.99,21-1019.00,"Counselors, All Other",1,2006,2010
21-1029.99,21-1029.99,21-1029.00,"Social Workers, All Other",1,2006,2010
21-1099.99,21-1099.99,21-1099.00,"Community and Social Service Specialists, All Other",1,2006,2010
21-2099.99,21-2099.99,21-2099.00,"Religious Workers, All Other",1,2006,2010
23-2091.00,23-2091.00,27-3092.00,Court Reporters and Simultaneous Captioners,1,2010,2010
23-2092.00,23-2092.00,23-1012.00,Judicial Law Clerks,1,2009,2010
23-2092.00,23-2092.00,23-2011.00,Paralegals and Legal Assistants,1,2009,2010
23-2093.01,23-2093.01,23-2093.00,"Title Examiners, Abstractors, and Searchers",1,2000,2010
23-2093.02,23-2093.02,23-2093.00,"Title Examiners, Abstractors, and Searchers",1,2000,2010
23-2099.99,23-2099.99,23-2099.00,"Legal Support Workers, All Other",1,2006,2010
25-1069.99,25-1069.99,25-1069.00,"Social Sciences Teachers, Postsecondary, All Other",1,2006,2010
25-1191.00,25-1191.00,25-9044.00,"Teaching Assistants, Postsecondary",1,2010,2010
25-1199.99,25-1199.99,25-1199.00,"Postsecondary Teachers, All Other",1,2006,2010
25-2041.00,25-2041.00,25-2051.00,"Special Education Teachers, Preschool",1,2009,2010
25-2041.00,25-2041.00,25-2055.00,"Special Education Teachers, Kindergarten",2,2009,2010
25-2041.00,25-2041.00,25-2056.00,"Special Education Teachers, Elementary School",2,2009,2010
25-2042.00,25-2042.00,25-2057.00,"Special Education Teachers, Middle School",2,2009,2010
25-2043.00,25-2043.00,25-2058.00,"Special Education Teachers, Secondary School",2,2009,2010
25-2052.00,25-2052.00,25-2055.00,"Special Education Teachers, Kindergarten",1,2010,2010
25-2052.00,25-2052.00,25-2056.00,"Special Education Teachers, Elementary School",1,2010,2010
25-2053.00,25-2053.00,25-2057.00,"Special Education Teachers, Middle School",1,2010,2010
25-2054.00,25-2054.00,25-2058.00,"Special Education Teachers, Secondary School",1,2010,2010
25-3099.01,25-3099.01,25-2059.01,Adapted Physical Education Specialists,1,2009,2010
25-3099.02,25-3099.02,25-3041.00,Tutors,1,2010,2010
25-3099.99,25-3099.99,25-3099.00,"Teachers and Instructors, All Other",1,2006,2010
25-4021.00,25-4021.00,25-4022.00,Librarians and Media Collections Specialists,1,2010,2010
25-9011.00,25-9011.00,25-4022.00,Librarians and Media Collections Specialists,1,2010,2010
25-9031.01,25-9031.01,25-9031.00,Instructional Coordinators,1,2010,2010
25-9041.00,25-9041.00,25-9042.00,"Teaching Assistants, Preschool, Elementary, Middle, and Secondary School, Except Special Education",1,2010,2010
25-9041.00,25-9041.00,25-9043.00,"Teaching Assistants, Special Education",1,2010,2010
25-9041.00,25-9041.00,25-9049.00,"Teaching Assistants, All Other",1,2010,2010
25-9099.99,25-9099.99,25-9099.00,"Educational Instruction and Library Workers, All Other",1,2006,2010
27-1013.01,27-1013.01,27-1013.00,"Fine Artists, Including Painters, Sculptors, and Illustrators",1,2000,2010
27-1013.02,27-1013.02,27-1013.00,"Fine Artists, Including Painters, Sculptors, and Illustrators",1,2000,2010
27-1013.03,27-1013.03,27-1013.00,"Fine Artists, Including Painters, Sculptors, and Illustrators",1,2000,2010
27-1013.04,27-1013.04,27-1013.00,"Fine Artists, Including Painters, Sculptors, and Illustrators",1,2000,2010
27-1019.99,27-1019.99,27-1019.00,"Artists and Related Workers, All Other",1,2006,2010
27-1027.01,27-1027.01,27-1027.00,Set and Exhibit Designers,1,2000,2010
27-1027.02,27-1027.02,27-1027.00,Set and Exhibit Designers,1,2000,2010
27-1029.99,27-1029.99,27-1029.00,"Designers, All Other",1,2006,2010
27-2012.01,27-2012.01,27-2012.00,Producers and Directors,1,2010,2010
27-2012.02,27-2012.02,27-2012.00,Producers and Directors,1,2010,2010
27-2041.01,27-2041.01,27-2041.00,Music Directors and Composers,1,2010,2010
27-2041.02,27-2041.02,27-2041.00,Music Directors and Composers,2,2000,2010
27-2041.03,27-2041.03,27-2041.00,Music Directors and Composers,2,2000,2010
27-2041.04,27-2041.04,27-2041.00,Music Directors and Composers,1,2010,2010
27-2042.01,27-2042.01,27-2042.00,Musicians and Singers,1,2010,2010
27-2042.02,27-2042.02,27-2042.00,Musicians and Singers,1,2010,2010
27-2099.99,27-2099.99,27-2099.00,"Entertainers and Performers, Sports and Related Workers, All Other",1,2006,2010
27-3012.00,27-3012.00,27-3099.00,"Media and Communication Workers, All Other",1,2010,2010
27-3021.00,27-3021.00,27-3023.00,"News Analysts, Reporters, and Journalists",1,2010,2010
27-3022.00,27-3022.00,27-3023.00,"News Analysts, Reporters, and Journalists",1,2010,2010
27-3043.01,27-3043.01,27-3043.05,"Poets, Lyricists and Creative Writers",1,2000,2010
27-3043.02,27-3043.02,27-3043.05,"Poets, Lyricists and Creative Writers",1,2000,2010
27-3043.03,27-3043.03,27-3092.00,Court Reporters and Simultaneous Captioners,2,2000,2010
27-3043.04,27-3043.04,27-3043.00,Writers and Authors,1,2010,2010
27-3099.99,27-3099.99,27-3099.00,"Media and Communication Workers, All Other",1,2006,2010
27-4013.00,27-4013.00,43-2099.00,"Communications Equipment Operators, All Other",1,2010,2010
27-4021.01,27-4021.01,27-4021.00,Photographers,1,2000,2010
27-4021.02,27-4021.02,27-4021.00,Photographers,1,2000,2010
27-4099.99,27-4099.99,27-4099.00,"Media and Communication Equipment Workers, All Other",1,2006,2010
29-1029.99,29-1029.99,29-1029.00,"Dentists, All Other Specialists",1,2006,2010
29-1061.00,29-1061.00,29-1211.00,Anesthesiologists,1,2010,2010
29-1062.00,29-1062.00,29-1215.00,Family Medicine Physicians,1,2010,2010
29-1063.00,29-1063.00,29-1216.00,General Internal Medicine Physicians,1,2010,2010
29-1064.00,29-1064.00,29-1218.00,Obstetricians and Gynecologists,1,2010,2010
29-1065.00,29-1065.00,29-1221.00,"Pediatricians, General",1,2010,2010
29-1066.00,29-1066.00,29-1223.00,Psychiatrists,1,2010,2010
29-1067.00,29-1067.00,29-1242.00,"Orthopedic Surgeons, Except Pediatric",1,2010,2010
29-1067.00,29-1067.00,29-1243.00,Pediatric Surgeons,1,2010,2010
29-1067.00,29-1067.00,29-1249.00,"Surgeons, All Other",1,2010,2010
29-1069.00,29-1069.00,29-1212.00,Cardiologists,1,2010,2010
29-1069.00,29-1069.00,29-1214.00,Emergency Medicine Physicians,1,2010,2010
29-1069.00,29-1069.00,29-1229.00,"Physicians, All Other",1,2010,2010
29-1069.01,29-1069.01,29-1229.01,Allergists and Immunologists,1,2010,2010
29-1069.02,29-1069.02,29-1213.00,Dermatologists,1,2010,2010
29-1069.03,29-1069.03,29-1229.02,Hospitalists,1,2010,2010
29-1069.04,29-1069.04,29-1217.00,Neurologists,1,2010,2010
29-1069.05,29-1069.05,29-1224.00,Radiologists,1,2010,2010
29-1069.06,29-1069.06,29-1241.00,"Ophthalmologists, Except Pediatric",1,2010,2010
29-1069.07,29-1069.07,29-1222.00,"Physicians, Pathologists",1,2010,2010
29-1069.08,29-1069.08,29-1229.04,Physical Medicine and Rehabilitation Physicians,1,2010,2010
29-1069.09,29-1069.09,29-1229.05,Preventive Medicine Physicians,1,2010,2010
29-1069.10,29-1069.10,29-1224.00,Radiologists,1,2010,2010
29-1069.11,29-1069.11,29-1229.06,Sports Medicine Physicians,1,2010,2010
29-1069.12,29-1069.12,29-1229.03,Urologists,1,2010,2010
29-1069.99,29-1069.99,29-1212.00,Cardiologists,2,2006,2010
29-1069.99,29-1069.99,29-1214.00,Emergency Medicine Physicians,2,2006,2010
29-1069.99,29-1069.99,29-1229.00,"Physicians, All Other",2,2006,2010
29-1111.00,29-1111.00,29-1141.00,Registered Nurses,1,2009,2010
29-1111.01,29-1111.01,29-1141.01,Acute Care Nurses,1,2009,2010
29-1111.02,29-1111.02,29-1141.02,Advanced Practice Psychiatric Nurses,1,2009,2010
29-1111.03,29-1111.03,29-1141.03,Critical Care Nurses,1,2009,2010
29-1121.00,29-1121.00,29-1181.00,Audiologists,1,2009,2010
29-1125.01,29-1125.01,29-1129.01,Art Therapists,1,2010,2010
29-1125.02,29-1125.02,29-1129.02,Music Therapists,1,2010,2010
29-1129.99,29-1129.99,29-1129.00,"Therapists, All Other",1,2006,2010
29-1199.00,29-1199.00,29-1299.00,"Healthcare Diagnosing or Treating Practitioners, All Other",1,2010,2010
29-1199.01,29-1199.01,29-1291.00,Acupuncturists,1,2010,2010
29-1199.02,29-1199.02,29-1151.00,Nurse Anesthetists,1,2009,2010
29-1199.03,29-1199.03,29-1171.00,Nurse Practitioners,1,2009,2010
29-1199.04,29-1199.04,29-1299.01,Naturopathic Physicians,1,2010,2010
29-1199.05,29-1199.05,29-1299.02,Orthoptists,1,2010,2010
29-1199.99,29-1199.99,29-1299.00,"Healthcare Diagnosing or Treating Practitioners, All Other",2,2006,2010
29-2011.03,29-2011.03,29-2011.04,Histotechnologists,1,2010,2010
29-2011.03,29-2011.03,29-2012.01,Histology Technicians,1,2010,2010
29-2021.00,29-2021.00,29-1292.00,Dental Hygienists,1,2010,2010
29-2034.01,29-2034.01,29-2034.00,Radiologic Technologists and Technicians,1,2009,2010
29-2034.02,29-2034.02,29-2034.00,Radiologic Technologists and Technicians,2,2009,2010
29-2041.00,29-2041.00,29-2042.00,Emergency Medical Technicians,1,2010,2010
29-2041.00,29-2041.00,29-2043.00,Paramedics,1,2010,2010
29-2054.00,29-2054.00,29-2099.00,"Health Technologists and Technicians, All Other",1,2010,2010
29-2071.00,29-2071.00,29-2072.00,Medical Records Specialists,1,2010,2010
29-2071.00,29-2071.00,29-9021.00,Health Information Technologists and Medical Registrars,1,2010,2010
29-2099.02,29-2099.02,29-2092.00,Hearing Aid Specialists,1,2009,2010
29-2099.03,29-2099.03,29-2057.00,Ophthalmic Medical Technicians,1,2009,2010
29-2099.03,29-2099.03,29-2099.05,Ophthalmic Medical Technologists,1,2009,2010
29-2099.04,29-2099.04,29-1161.00,Nurse Midwives,1,2009,2010
29-2099.06,29-2099.06,29-2034.00,Radiologic Technologists and Technicians,1,2010,2010
29-2099.07,29-2099.07,29-9093.00,Surgical Assistants,1,2010,2010
29-2099.99,29-2099.99,29-2099.00,"Health Technologists and Technicians, All Other",1,2006,2010
29-9011.00,29-9011.00,19-5011.00,Occupational Health and Safety Specialists,1,2010,2010
29-9012.00,29-9012.00,19-5012.00,Occupational Health and Safety Technicians,1,2010,2010
29-9099.02,29-9099.02,29-9092.00,Genetic Counselors,1,2009,2010
29-9099.99,29-9099.99,29-9099.00,"Healthcare Practitioners and Technical Workers, All Other",1,2006,2010
31-1011.00,31-1011.00,31-1121.00,Home Health Aides,1,2010,2010
31-1012.00,31-1012.00,31-1131.00,Nursing Assistants,2,2009,2010
31-1012.00,31-1012.00,31-1132.00,Orderlies,2,2009,2010
31-1013.00,31-1013.00,31-1133.00,Psychiatric Aides,1,2010,2010
31-1014.00,31-1014.00,31-1131.00,Nursing Assistants,1,2010,2010
31-1015.00,31-1015.00,31-1132.00,Orderlies,1,2010,2010
31-9093.01,31-9093.01,31-9099.02,Endoscopy Technicians,1,2009,2010
31-9099.99,31-9099.99,31-9099.00,"Healthcare Support Workers, All Other",1,2006,2010
33-1021.01,33-1021.01,33-1021.00,First-Line Supervisors of Firefighting and Prevention Workers,1,2010,2010
33-1021.02,33-1021.02,33-1021.00,First-Line Supervisors of Firefighting and Prevention Workers,1,2010,2010
33-1099.99,33-1099.99,33-1099.00,"First-Line Supervisors of Protective Service Workers, All Other",1,2006,2010
33-2011.01,33-2011.01,33-2011.00,Firefighters,1,2010,2010
33-2011.02,33-2011.02,33-2011.00,Firefighters,1,2010,2010
33-2021.01,33-2021.01,33-2021.00,Fire Inspectors and Investigators,1,2010,2010
33-2021.02,33-2021.02,33-2021.00,Fire Inspectors and Investigators,1,2010,2010
33-3021.01,33-3021.01,33-3021.00,Detectives and Criminal Investigators,1,2010,2010
33-3021.03,33-3021.03,33-3021.00,Detectives and Criminal Investigators,1,2010,2010
33-3021.04,33-3021.04,33-3021.00,Detectives and Criminal Investigators,2,2000,2010
33-3021.05,33-3021.05,33-3051.04,Customs and Border Protection Officers,1,2010,2010
33-3051.01,33-3051.01,33-3051.00,Police and Sheriff's Patrol Officers,1,2010,2010
33-3051.02,33-3051.02,33-3051.00,Police and Sheriff's Patrol Officers,2,2000,2010
33-3051.03,33-3051.03,33-3051.00,Police and Sheriff's Patrol Officers,1,2010,2010
33-9099.01,33-9099.01,33-9093.00,Transportation Security Screeners,1,2009,2010
33-9099.99,33-9099.99,33-9099.00,"Protective Service Workers, All Other",1,2006,2010
35-2019.99,35-2019.99,35-2019.00,"Cooks, All Other",1,2006,2010
35-3021.00,35-3021.00,35-3023.00,Fast Food and Counter Workers,1,2010,2010
35-3022.00,35-3022.00,35-3023.00,Fast Food and Counter Workers,1,2010,2010
35-3022.01,35-3022.01,35-3023.01,Baristas,1,2010,2010
35-9099.99,35-9099.99,35-9099.00,"Food Preparation and Serving Related Workers, All Other",1,2006,2010
37-1011.01,37-1011.01,37-1011.00,First-Line Supervisors of Housekeeping and Janitorial Workers,1,2000,2010
37-1011.02,37-1011.02,37-1011.00,First-Line Supervisors of Housekeeping and Janitorial Workers,1,2000,2010
37-1012.01,37-1012.01,37-1012.00,"First-Line Supervisors of Landscaping, Lawn Service, and Groundskeeping Workers",1,2000,2010
37-1012.02,37-1012.02,37-1012.00,"First-Line Supervisors of Landscaping, Lawn Service, and Groundskeeping Workers",1,2000,2010
37-2019.99,37-2019.99,37-2019.00,"Building Cleaning Workers, All Other",1,2006,2010
37-3019.99,37-3019.99,37-3019.00,"Grounds Maintenance Workers, All Other",1,2006,2010
39-1011.00,39-1011.00,39-1013.00,First-Line Supervisors of Gambling Services Workers,1,2010,2010
39-1012.00,39-1012.00,39-1013.00,First-Line Supervisors of Gambling Services Workers,1,2010,2010
39-1021.00,39-1021.00,39-1014.00,"First-Line Supervisors of Entertainment and Recreation Workers, Except Gambling Services",1,2010,2010
39-1021.00,39-1021.00,39-1022.00,First-Line Supervisors of Personal Service Workers,1,2010,2010
39-1021.00,39-1021.00,53-1044.00,First-Line Supervisors of Passenger Attendants,1,2010,2010
39-1021.01,39-1021.01,11-9179.02,Spa Managers,1,2010,2010
39-3019.99,39-3019.99,39-3019.00,"Gambling Service Workers, All Other",1,2006,2010
39-3099.99,39-3099.99,39-3099.00,"Entertainment Attendants and Related Workers, All Other",1,2006,2010
39-6021.00,39-6021.00,39-7011.00,Tour Guides and Escorts,1,2009,2010
39-6022.00,39-6022.00,39-7012.00,Travel Guides,1,2009,2010
39-6031.00,39-6031.00,53-2031.00,Flight Attendants,1,2009,2010
39-6032.00,39-6032.00,53-6061.00,Passenger Attendants,1,2009,2010
39-9021.00,39-9021.00,31-1122.00,Personal Care Aides,1,2010,2010
39-9099.99,39-9099.99,39-9099.00,"Personal Care and Service Workers, All Other",1,2006,2010
41-3031.01,41-3031.01,41-3031.00,"Securities, Commodities, and Financial Services Sales Agents",1,2010,2010
41-3031.02,41-3031.02,41-3031.00,"Securities, Commodities, and Financial Services Sales Agents",1,2010,2010
41-3031.03,41-3031.03,41-3031.00,"Securities, Commodities, and Financial Services Sales Agents",1,2010,2010
41-3099.00,41-3099.00,41-3091.00,"Sales Representatives of Services, Except Advertising, Insurance, Financial Services, and Travel",1,2010,2010
41-3099.01,41-3099.01,41-3031.00,"Securities, Commodities, and Financial Services Sales Agents",1,2010,2010
41-3099.99,41-3099.99,41-3091.00,"Sales Representatives of Services, Except Advertising, Insurance, Financial Services, and Travel",2,2006,2010
41-4011.01,41-4011.01,41-4011.00,"Sales Representatives, Wholesale and Manufacturing, Technical and Scientific Products",1,2000,2010
41-4011.02,41-4011.02,41-4011.00,"Sales Representatives, Wholesale and Manufacturing, Technical and Scientific Products",1,2000,2010
41-4011.03,41-4011.03,41-4011.00,"Sales Representatives, Wholesale and Manufacturing, Technical and Scientific Products",1,2000,2010
41-4011.04,41-4011.04,41-4011.00,"Sales Representatives, Wholesale and Manufacturing, Technical and Scientific Products",1,2000,2010
41-4011.05,41-4011.05,41-4011.00,"Sales Representatives, Wholesale and Manufacturing, Technical and Scientific Products",1,2000,2010
41-4011.06,41-4011.06,41-4011.00,"Sales Representatives, Wholesale and Manufacturing, Technical and Scientific Products",1,2000,2010
41-9099.99,41-9099.99,41-9099.00,"Sales and Related Workers, All Other",1,2006,2010
43-1011.01,43-1011.01,43-1011.00,First-Line Supervisors of Office and Administrative Support Workers,1,2000,2010
43-1011.02,43-1011.02,43-1011.00,First-Line Supervisors of Office and Administrative Support Workers,1,2000,2010
43-2021.01,43-2021.01,43-2021.00,Telephone Operators,1,2000,2010
43-2021.02,43-2021.02,43-2021.00,Telephone Operators,1,2000,2010
43-2099.99,43-2099.99,43-2099.00,"Communications Equipment Operators, All Other",1,2006,2010
43-3021.01,43-3021.01,43-3021.00,Billing and Posting Clerks,1,2010,2010
43-3021.02,43-3021.02,43-3021.00,Billing and Posting Clerks,1,2010,2010
43-3021.03,43-3021.03,43-3021.00,Billing and Posting Clerks,1,2009,2010
43-4031.01,43-4031.01,43-4031.00,"Court, Municipal, and License Clerks",1,2010,2010
43-4031.02,43-4031.02,43-4031.00,"Court, Municipal, and License Clerks",1,2010,2010
43-4031.03,43-4031.03,43-4031.00,"Court, Municipal, and License Clerks",1,2010,2010
43-4041.01,43-4041.01,43-4041.00,"Credit Authorizers, Checkers, and Clerks",1,2010,2010
43-4041.02,43-4041.02,43-4041.00,"Credit Authorizers, Checkers, and Clerks",1,2010,2010
43-4051.01,43-4051.01,43-4051.00,Customer Service Representatives,1,2000,2010
43-4051.02,43-4051.02,43-4051.00,Customer Service Representatives,1,2000,2010
43-4051.03,43-4051.03,29-2099.08,Patient Representatives,1,2010,2010
43-4061.01,43-4061.01,43-4061.00,"Eligibility Interviewers, Government Programs",1,2000,2010
43-4061.02,43-4061.02,43-4061.00,"Eligibility Interviewers, Government Programs",1,2000,2010
43-4181.01,43-4181.01,43-4181.00,Reservation and Transportation Ticket Agents and Travel Clerks,1,2000,2010
43-4181.02,43-4181.02,43-4181.00,Reservation and Transportation Ticket Agents and Travel Clerks,1,2000,2010
43-4199.99,43-4199.99,43-4199.00,"Information and Record Clerks, All Other",1,2006,2010
43-5081.00,43-5081.00,53-7065.00,Stockers and Order Fillers,1,2010,2010
43-5081.01,43-5081.01,53-7065.00,Stockers and Order Fillers,1,2010,2010
43-5081.02,43-5081.02,53-7065.00,Stockers and Order Fillers,1,2010,2010
43-5081.03,43-5081.03,53-7065.00,Stockers and Order Fillers,1,2010,2010
43-5081.04,43-5081.04,53-7065.00,Stockers and Order Fillers,1,2010,2010
43-9011.00,43-9011.00,15-1299.00,"Computer Occupations, All Other",1,2010,2010
43-9041.01,43-9041.01,43-9041.00,Insurance Claims and Policy Processing Clerks,1,2010,2010
43-9041.02,43-9041.02,43-9041.00,Insurance Claims and Policy Processing Clerks,1,2010,2010
43-9051.01,43-9051.01,43-9051.00,"Mail Clerks and Mail Machine Operators, Except Postal Service",1,2000,2010
43-9051.02,43-9051.02,43-9051.00,"Mail Clerks and Mail Machine Operators, Except Postal Service",1,2000,2010
43-9071.01,43-9071.01,43-9071.00,"Office Machine Operators, Except Computer",1,2000,2010
43-9111.01,43-9111.01,15-2099.01,Bioinformatics Technicians,1,2010,2010
43-9199.99,43-9199.99,43-9199.00,"Office and Administrative Support Workers, All Other",1,2006,2010
45-1011.01,45-1011.01,45-1011.00,"First-Line Supervisors of Farming, Fishing, and Forestry Workers",2,2000,2010
45-1011.02,45-1011.02,45-1011.00,"First-Line Supervisors of Farming, Fishing, and Forestry Workers",2,2000,2010
45-1011.03,45-1011.03,45-1011.00,"First-Line Supervisors of Farming, Fishing, and Forestry Workers",2,2000,2010
45-1011.04,45-1011.04,45-1011.00,"First-Line Supervisors of Farming, Fishing, and Forestry Workers",2,2000,2010
45-1011.05,45-1011.05,45-1011.00,"First-Line Supervisors of Farming, Fishing, and Forestry Workers",1,2010,2010
45-1011.06,45-1011.06,45-1011.00,"First-Line Supervisors of Farming, Fishing, and Forestry Workers",1,2010,2010
45-1011.07,45-1011.07,45-1011.00,"First-Line Supervisors of Farming, Fishing, and Forestry Workers",1,2010,2010
45-1011.08,45-1011.08,45-1011.00,"First-Line Supervisors of Farming, Fishing, and Forestry Workers",1,2010,2010
45-1012.00,45-1012.00,13-1074.00,Farm Labor Contractors,1,2009,2010
45-2092.01,45-2092.01,45-2092.00,"Farmworkers and Laborers, Crop, Nursery, and Greenhouse",1,2010,2010
45-2092.02,45-2092.02,45-2092.00,"Farmworkers and Laborers, Crop, Nursery, and Greenhouse",1,2010,2010
45-2099.99,45-2099.99,45-2099.00,"Agricultural Workers, All Other",1,2006,2010
45-3011.00,45-3011.00,45-3031.00,Fishing and Hunting Workers,1,2010,2010
45-3021.00,45-3021.00,45-3031.00,Fishing and Hunting Workers,1,2010,2010
45-4022.01,45-4022.01,45-4022.00,Logging Equipment Operators,1,2000,2010
45-4029.99,45-4029.99,45-4029.00,"Logging Workers, All Other",1,2006,2010
47-1011.01,47-1011.01,47-1011.00,First-Line Supervisors of Construction Trades and Extraction Workers,1,2000,2010
47-1011.02,47-1011.02,47-1011.00,First-Line Supervisors of Construction Trades and Extraction Workers,1,2000,2010
47-2031.01,47-2031.01,47-2031.00,Carpenters,1,2010,2010
47-2031.02,47-2031.02,47-2031.00,Carpenters,1,2010,2010
47-2031.03,47-2031.03,47-2031.00,Carpenters,2,2000,2010
47-2031.04,47-2031.04,47-2031.00,Carpenters,2,2000,2010
47-2031.05,47-2031.05,47-2031.00,Carpenters,2,2000,2010
47-2031.06,47-2031.06,47-2031.00,Carpenters,2,2000,2010
47-2073.01,47-2073.01,47-2073.00,Operating Engineers and Other Construction Equipment Operators,1,2000,2010
47-2073.02,47-2073.02,47-2073.00,Operating Engineers and Other Construction Equipment Operators,1,2000,2010
47-2081.01,47-2081.01,47-2081.00,Drywall and Ceiling Tile Installers,1,2000,2010
47-2081.02,47-2081.02,47-2081.00,Drywall and Ceiling Tile Installers,1,2000,2010
47-2152.01,47-2152.01,47-2152.00,"Plumbers, Pipefitters, and Steamfitters",1,2010,2010
47-2152.02,47-2152.02,47-2152.00,"Plumbers, Pipefitters, and Steamfitters",1,2010,2010
47-2152.03,47-2152.03,47-2151.00,Pipelayers,1,2000,2010
47-3019.99,47-3019.99,47-3019.00,"Helpers, Construction Trades, All Other",1,2006,2010
47-4041.01,47-4041.01,47-4041.00,Hazardous Materials Removal Workers,1,2000,2010
47-4099.01,47-4099.01,47-2231.00,Solar Photovoltaic Installers,1,2009,2010
47-4099.02,47-4099.02,47-2152.04,Solar Thermal Installers and Technicians,1,2010,2010
47-4099.99,47-4099.99,47-4099.00,"Construction and Related Workers, All Other",1,2006,2010
47-5021.00,47-5021.00,47-5023.00,"Earth Drillers, Except Oil and Gas",1,2010,2010
47-5021.00,47-5021.00,47-5032.00,"Explosives Workers, Ordnance Handling Experts, and Blasters",1,2010,2010
47-5021.01,47-5021.01,47-5023.00,"Earth Drillers, Except Oil and Gas",2,2000,2010
47-5021.01,47-5021.01,47-5032.00,"Explosives Workers, Ordnance Handling Experts, and Blasters",2,2000,2010
47-5021.02,47-5021.02,47-5023.00,"Earth Drillers, Except Oil and Gas",2,2000,2010
47-5021.02,47-5021.02,47-5032.00,"Explosives Workers, Ordnance Handling Experts, and Blasters",2,2000,2010
47-5031.00,47-5031.00,47-5032.00,"Explosives Workers, Ordnance Handling Experts, and Blasters",1,2010,2010
47-5042.00,47-5042.00,47-5049.00,"Underground Mining Machine Operators, All Other",1,2010,2010
47-5049.99,47-5049.99,47-5049.00,"Underground Mining Machine Operators, All Other",1,2006,2010
47-5061.00,47-5061.00,47-5043.00,"Roof Bolters, Mining",1,2010,2010
47-5099.99,47-5099.99,47-5099.00,"Extraction Workers, All Other",1,2006,2010
49-2011.01,49-2011.01,49-9091.00,"Coin, Vending, and Amusement Machine Servicers and Repairers",1,2000,2010
49-2011.02,49-2011.02,49-2011.00,"Computer, Automated Teller, and Office Machine Repairers",1,2000,2010
49-2011.03,49-2011.03,49-2011.00,"Computer, Automated Teller, and Office Machine Repairers",1,2000,2010
49-2021.01,49-2021.01,49-2021.00,"Radio, Cellular, and Tower Equipment Installers and Repairers",1,2010,2010
49-2022.01,49-2022.01,49-2022.00,"Telecommunications Equipment Installers and Repairers, Except Line Installers",1,2000,2010
49-2022.02,49-2022.02,49-2022.00,"Telecommunications Equipment Installers and Repairers, Except Line Installers",1,2000,2010
49-2022.03,49-2022.03,49-2022.00,"Telecommunications Equipment Installers and Repairers, Except Line Installers",1,2000,2010
49-2022.04,49-2022.04,49-2022.00,"Telecommunications Equipment Installers and Repairers, Except Line Installers",1,2000,2010
49-2022.05,49-2022.05,49-2022.00,"Telecommunications Equipment Installers and Repairers, Except Line Installers",1,2000,2010
49-2092.01,49-2092.01,49-9031.00,Home Appliance Repairers,1,2000,2010
49-2092.02,49-2092.02,49-2092.00,"Electric Motor, Power Tool, and Related Repairers",1,2000,2010
49-2092.03,49-2092.03,49-2092.00,"Electric Motor, Power Tool, and Related Repairers",1,2000,2010
49-2092.04,49-2092.04,49-2092.00,"Electric Motor, Power Tool, and Related Repairers",1,2000,2010
49-2092.05,49-2092.05,49-2092.00,"Electric Motor, Power Tool, and Related Repairers",1,2000,2010
49-2092.06,49-2092.06,49-2092.00,"Electric Motor, Power Tool, and Related Repairers",1,2000,2010
49-3011.01,49-3011.01,49-3011.00,Aircraft Mechanics and Service Technicians,1,2000,2010
49-3011.02,49-3011.02,49-3011.00,Aircraft Mechanics and Service Technicians,1,2000,2010
49-3011.03,49-3011.03,49-3011.00,Aircraft Mechanics and Service Technicians,1,2000,2010
49-3023.01,49-3023.01,49-3023.00,Automotive Service Technicians and Mechanics,1,2010,2010
49-3023.02,49-3023.02,49-3023.00,Automotive Service Technicians and Mechanics,1,2010,2010
49-9012.01,49-9012.01,49-9012.00,"Control and Valve Installers and Repairers, Except Mechanical Door",1,2000,2010
49-9012.02,49-9012.02,49-9012.00,"Control and Valve Installers and Repairers, Except Mechanical Door",1,2000,2010
49-9012.03,49-9012.03,49-9012.00,"Control and Valve Installers and Repairers, Except Mechanical Door",1,2000,2010
49-9021.01,49-9021.01,49-9021.00,"Heating, Air Conditioning, and Refrigeration Mechanics and Installers",1,2010,2010
49-9021.02,49-9021.02,49-9021.00,"Heating, Air Conditioning, and Refrigeration Mechanics and Installers",1,2010,2010
49-9031.01,49-9031.01,49-9031.00,Home Appliance Repairers,1,2000,2010
49-9031.02,49-9031.02,49-9031.00,Home Appliance Repairers,1,2000,2010
49-9042.00,49-9042.00,49-9071.00,"Maintenance and Repair Workers, General",1,2009,2010
49-9063.01,49-9063.01,49-9063.00,Musical Instrument Repairers and Tuners,1,2000,2010
49-9063.02,49-9063.02,49-9063.00,Musical Instrument Repairers and Tuners,1,2000,2010
49-9063.03,49-9063.03,49-9063.00,Musical Instrument Repairers and Tuners,1,2000,2010
49-9063.04,49-9063.04,49-9063.00,Musical Instrument Repairers and Tuners,1,2000,2010
49-9069.99,49-9069.99,49-9069.00,"Precision Instrument and Equipment Repairers, All Other",1,2006,2010
49-9093.00,49-9093.00,49-9099.00,"Installation, Maintenance, and Repair Workers, All Other",1,2010,2010
49-9099.02,49-9099.02,49-9081.00,Wind Turbine Service Technicians,1,2009,2010
49-9099.99,49-9099.99,49-9099.00,"Installation, Maintenance, and Repair Workers, All Other",1,2006,2010
51-2011.01,51-2011.01,51-2011.00,"Aircraft Structure, Surfaces, Rigging, and Systems Assemblers",1,2000,2010
51-2011.02,51-2011.02,51-2011.00,"Aircraft Structure, Surfaces, Rigging, and Systems Assemblers",1,2000,2010
51-2011.03,51-2011.03,51-2011.00,"Aircraft Structure, Surfaces, Rigging, and Systems Assemblers",1,2000,2010
51-2041.01,51-2041.01,51-2041.00,Structural Metal Fabricators and Fitters,1,2000,2010
51-2041.02,51-2041.02,51-2041.00,Structural Metal Fabricators and Fitters,1,2000,2010
51-2091.00,51-2091.00,51-2051.00,Fiberglass Laminators and Fabricators,1,2010,2010
51-2093.00,51-2093.00,51-2061.00,Timing Device Assemblers and Adjusters,1,2010,2010
51-2099.99,51-2099.99,51-2099.00,"Assemblers and Fabricators, All Other",1,2006,2010
51-3011.01,51-3011.01,35-1011.00,Chefs and Head Cooks,1,2000,2010
51-3011.02,51-3011.02,51-3011.00,Bakers,1,2000,2010
51-4011.00,51-4011.00,51-9161.00,Computer Numerically Controlled Tool Operators,1,2010,2010
51-4011.01,51-4011.01,51-9161.00,Computer Numerically Controlled Tool Operators,2,2000,2010
51-4012.00,51-4012.00,51-9162.00,Computer Numerically Controlled Tool Programmers,1,2010,2010
51-4031.01,51-4031.01,51-4031.00,"Cutting, Punching, and Press Machine Setters, Operators, and Tenders, Metal and Plastic",1,2000,2010
51-4031.02,51-4031.02,51-4031.00,"Cutting, Punching, and Press Machine Setters, Operators, and Tenders, Metal and Plastic",1,2000,2010
51-4031.03,51-4031.03,51-4031.00,"Cutting, Punching, and Press Machine Setters, Operators, and Tenders, Metal and Plastic",1,2000,2010
51-4031.04,51-4031.04,51-4031.00,"Cutting, Punching, and Press Machine Setters, Operators, and Tenders, Metal and Plastic",1,2000,2010
51-4033.01,51-4033.01,51-4033.00,"Grinding, Lapping, Polishing, and Buffing Machine Tool Setters, Operators, and Tenders, Metal and Plastic",1,2000,2010
51-4033.02,51-4033.02,51-4033.00,"Grinding, Lapping, Polishing, and Buffing Machine Tool Setters, Operators, and Tenders, Metal and Plastic",1,2000,2010
51-4072.01,51-4072.01,51-4072.00,"Molding, Coremaking, and Casting Machine Setters, Operators, and Tenders, Metal and Plastic",1,2000,2010
51-4072.02,51-4072.02,51-4072.00,"Molding, Coremaking, and Casting Machine Setters, Operators, and Tenders, Metal and Plastic",1,2000,2010
51-4072.03,51-4072.03,51-4072.00,"Molding, Coremaking, and Casting Machine Setters, Operators, and Tenders, Metal and Plastic",1,2000,2010
51-4072.04,51-4072.04,51-4072.00,"Molding, Coremaking, and Casting Machine Setters, Operators, and Tenders, Metal and Plastic",1,2000,2010
51-4072.05,51-4072.05,51-4072.00,"Molding, Coremaking, and Casting Machine Setters, Operators, and Tenders, Metal and Plastic",1,2000,2010
51-4081.01,51-4081.01,51-4081.00,"Multiple Machine Tool Setters, Operators, and Tenders, Metal and Plastic",1,2000,2010
51-4081.02,51-4081.02,51-4081.00,"Multiple Machine Tool Setters, Operators, and Tenders, Metal and Plastic",1,2000,2010
51-4121.01,51-4121.01,51-4121.00,"Welders, Cutters, Solderers, and Brazers",2,2000,2010
51-4121.02,51-4121.02,51-4121.00,"Welders, Cutters, Solderers, and Brazers",2,2000,2010
51-4121.03,51-4121.03,51-4121.00,"Welders, Cutters, Solderers, and Brazers",2,2000,2010
51-4121.04,51-4121.04,51-4121.00,"Welders, Cutters, Solderers, and Brazers",2,2000,2010
51-4121.05,51-4121.05,51-4121.00,"Welders, Cutters, Solderers, and Brazers",2,2000,2010
51-4121.06,51-4121.06,51-4121.00,"Welders, Cutters, Solderers, and Brazers",1,2010,2010
51-4121.07,51-4121.07,51-4121.00,"Welders, Cutters, Solderers, and Brazers",1,2010,2010
51-4122.01,51-4122.01,51-4122.00,"Welding, Soldering, and Brazing Machine Setters, Operators, and Tenders",1,2000,2010
51-4122.02,51-4122.02,51-4122.00,"Welding, Soldering, and Brazing Machine Setters, Operators, and Tenders",1,2000,2010
51-4122.03,51-4122.03,51-4122.00,"Welding, Soldering, and Brazing Machine Setters, Operators, and Tenders",1,2000,2010
51-4122.04,51-4122.04,51-4122.00,"Welding, Soldering, and Brazing Machine Setters, Operators, and Tenders",1,2000,2010
51-4191.01,51-4191.01,51-4191.00,"Heat Treating Equipment Setters, Operators, and Tenders, Metal and Plastic",1,2000,2010
51-4191.02,51-4191.02,51-4191.00,"Heat Treating Equipment Setters, Operators, and Tenders, Metal and Plastic",1,2000,2010
51-4191.03,51-4191.03,51-4191.00,"Heat Treating Equipment Setters, Operators, and Tenders, Metal and Plastic",1,2000,2010
51-4193.01,51-4193.01,51-4193.00,"Plating Machine Setters, Operators, and Tenders, Metal and Plastic",1,2000,2010
51-4193.02,51-4193.02,51-4193.00,"Plating Machine Setters, Operators, and Tenders, Metal and Plastic",1,2000,2010
51-4193.03,51-4193.03,51-4193.00,"Plating Machine Setters, Operators, and Tenders, Metal and Plastic",1,2000,2010
51-4193.04,51-4193.04,51-4193.00,"Plating Machine Setters, Operators, and Tenders, Metal and Plastic",1,2000,2010
51-4199.99,51-4199.99,51-4199.00,"Metal Workers and Plastic Workers, All Other",1,2006,2010
51-5011.00,51-5011.00,51-5113.00,Print Binding and Finishing Workers,1,2009,2010
51-5011.01,51-5011.01,51-5113.00,Print Binding and Finishing Workers,2,2000,2009
51-5011.02,51-5011.02,51-5113.00,Print Binding and Finishing Workers,2,2000,2009
51-5012.00,51-5012.00,51-5113.00,Print Binding and Finishing Workers,1,2009,2010
51-5021.00,51-5021.00,51-5112.00,Printing Press Operators,1,2009,2010
51-5021.00,51-5021.00,51-5113.00,Print Binding and Finishing Workers,1,2009,2010
51-5022.00,51-5022.00,51-5111.00,Prepress Technicians and Workers,1,2009,2010
51-5022.01,51-5022.01,51-5111.00,Prepress Technicians and Workers,2,2000,2009
51-5022.02,51-5022.02,51-5111.00,Prepress Technicians and Workers,2,2000,2009
51-5022.03,51-5022.03,51-5111.00,Prepress Technicians and Workers,2,2000,2009
51-5022.04,51-5022.04,51-5111.00,Prepress Technicians and Workers,2,2000,2009
51-5022.05,51-5022.05,51-5111.00,Prepress Technicians and Workers,2,2000,2009
51-5022.06,51-5022.06,51-5111.00,Prepress Technicians and Workers,2,2000,2009
51-5022.07,51-5022.07,51-5111.00,Prepress Technicians and Workers,2,2000,2009
51-5022.08,51-5022.08,51-5111.00,Prepress Technicians and Workers,2,2000,2009
51-5022.09,51-5022.09,51-5111.00,Prepress Technicians and Workers,2,2000,2009
51-5022.10,51-5022.10,51-5111.00,Prepress Technicians and Workers,2,2000,2009
51-5022.11,51-5022.11,51-5111.00,Prepress Technicians and Workers,2,2000,2009
51-5022.12,51-5022.12,51-5111.00,Prepress Technicians and Workers,2,2000,2009
51-5022.13,51-5022.13,51-5111.00,Prepress Technicians and Workers,2,2000,2009
51-5023.00,51-5023.00,51-5112.00,Printing Press Operators,1,2009,2010
51-5023.01,51-5023.01,51-5112.00,Printing Press Operators,2,2000,2009
51-5023.02,51-5023.02,51-5112.00,Printing Press Operators,2,2000,2009
51-5023.03,51-5023.03,51-5112.00,Printing Press Operators,2,2000,2009
51-5023.04,51-5023.04,51-5112.00,Printing Press Operators,2,2000,2009
51-5023.05,51-5023.05,51-5112.00,Printing Press Operators,2,2000,2009
51-5023.06,51-5023.06,51-5112.00,Printing Press Operators,2,2000,2009
51-5023.07,51-5023.07,51-5112.00,Printing Press Operators,2,2000,2009
51-5023.08,51-5023.08,51-5112.00,Printing Press Operators,2,2000,2009
51-5023.09,51-5023.09,51-5112.00,Printing Press Operators,2,2000,2009
51-6011.01,51-6011.01,51-6011.00,Laundry and Dry-Cleaning Workers,1,2000,2010
51-6011.02,51-6011.02,51-6011.00,Laundry and Dry-Cleaning Workers,1,2000,2010
51-6011.03,51-6011.03,51-6011.00,Laundry and Dry-Cleaning Workers,1,2000,2010
51-6021.01,51-6021.01,51-6021.00,"Pressers, Textile, Garment, and Related Materials",1,2000,2010
51-6021.02,51-6021.02,51-6021.00,"Pressers, Textile, Garment, and Related Materials",1,2000,2010
51-6021.03,51-6021.03,51-6021.00,"Pressers, Textile, Garment, and Related Materials",1,2000,2010
51-6031.01,51-6031.01,51-6031.00,Sewing Machine Operators,1,2000,2010
51-6031.02,51-6031.02,51-6031.00,Sewing Machine Operators,1,2000,2010
51-6052.01,51-6052.01,51-6052.00,"Tailors, Dressmakers, and Custom Sewers",1,2000,2010
51-6052.02,51-6052.02,51-6052.00,"Tailors, Dressmakers, and Custom Sewers",1,2000,2010
51-6091.01,51-6091.01,51-6091.00,"Extruding and Forming Machine Setters, Operators, and Tenders, Synthetic and Glass Fibers",1,2000,2010
51-6099.99,51-6099.99,51-6099.00,"Textile, Apparel, and Furnishings Workers, All Other",1,2006,2010
51-7041.01,51-7041.01,51-7041.00,"Sawing Machine Setters, Operators, and Tenders, Wood",1,2000,2010
51-7041.02,51-7041.02,51-7041.00,"Sawing Machine Setters, Operators, and Tenders, Wood",1,2000,2010
51-7042.01,51-7042.01,51-7042.00,"Woodworking Machine Setters, Operators, and Tenders, Except Sawing",1,2000,2010
51-7042.02,51-7042.02,51-7042.00,"Woodworking Machine Setters, Operators, and Tenders, Except Sawing",1,2000,2010
51-7099.99,51-7099.99,51-7099.00,"Woodworkers, All Other",1,2006,2010
51-8013.01,51-8013.01,51-8013.00,Power Plant Operators,1,2000,2010
51-8013.02,51-8013.02,51-8013.00,Power Plant Operators,1,2000,2010
51-8021.01,51-8021.01,51-8021.00,Stationary Engineers and Boiler Operators,1,2000,2010
51-8021.02,51-8021.02,51-8021.00,Stationary Engineers and Boiler Operators,1,2000,2010
51-8092.01,51-8092.01,51-8092.00,Gas Plant Operators,1,2000,2010
51-8092.02,51-8092.02,51-8092.00,Gas Plant Operators,1,2000,2010
51-8093.01,51-8093.01,51-8093.00,"Petroleum Pump System Operators, Refinery Operators, and Gaugers",1,2000,2010
51-8093.02,51-8093.02,51-8093.00,"Petroleum Pump System Operators, Refinery Operators, and Gaugers",1,2000,2010
51-8093.03,51-8093.03,51-8093.00,"Petroleum Pump System Operators, Refinery Operators, and Gaugers",1,2000,2010
51-8099.02,51-8099.02,51-8013.00,Power Plant Operators,1,2010,2010
51-8099.03,51-8099.03,51-8013.03,Biomass Plant Technicians,1,2010,2010
51-8099.04,51-8099.04,51-8013.04,Hydroelectric Plant Technicians,1,2010,2010
51-8099.99,51-8099.99,51-8099.00,"Plant and System Operators, All Other",1,2006,2010
51-9011.01,51-9011.01,51-9011.00,Chemical Equipment Operators and Tenders,1,2000,2010
51-9011.02,51-9011.02,51-9011.00,Chemical Equipment Operators and Tenders,1,2000,2010
51-9032.01,51-9032.01,51-9032.00,"Cutting and Slicing Machine Setters, Operators, and Tenders",1,2000,2010
51-9032.02,51-9032.02,51-9032.00,"Cutting and Slicing Machine Setters, Operators, and Tenders",1,2000,2010
51-9032.03,51-9032.03,51-9032.00,"Cutting and Slicing Machine Setters, Operators, and Tenders",1,2000,2010
51-9032.04,51-9032.04,51-9032.00,"Cutting and Slicing Machine Setters, Operators, and Tenders",1,2000,2010
51-9041.01,51-9041.01,51-9041.00,"Extruding, Forming, Pressing, and Compacting Machine Setters, Operators, and Tenders",1,2000,2010
51-9041.02,51-9041.02,51-9041.00,"Extruding, Forming, Pressing, and Compacting Machine Setters, Operators, and Tenders",1,2000,2010
51-9061.01,51-9061.01,51-9061.00,"Inspectors, Testers, Sorters, Samplers, and Weighers",1,2000,2010
51-9061.02,51-9061.02,51-9061.00,"Inspectors, Testers, Sorters, Samplers, and Weighers",1,2000,2010
51-9061.03,51-9061.03,51-9061.00,"Inspectors, Testers, Sorters, Samplers, and Weighers",1,2000,2010
51-9061.04,51-9061.04,51-9061.00,"Inspectors, Testers, Sorters, Samplers, and Weighers",1,2000,2010
51-9061.05,51-9061.05,51-9061.00,"Inspectors, Testers, Sorters, Samplers, and Weighers",1,2000,2010
51-9071.01,51-9071.01,51-9071.00,Jewelers and Precious Stone and Metal Workers,1,2010,2010
51-9071.02,51-9071.02,51-9071.00,Jewelers and Precious Stone and Metal Workers,2,2000,2010
51-9071.03,51-9071.03,51-9071.00,Jewelers and Precious Stone and Metal Workers,2,2000,2010
51-9071.04,51-9071.04,51-9071.00,Jewelers and Precious Stone and Metal Workers,2,2000,2010
51-9071.05,51-9071.05,51-9071.00,Jewelers and Precious Stone and Metal Workers,2,2000,2010
51-9071.07,51-9071.07,51-9071.00,Jewelers and Precious Stone and Metal Workers,1,2010,2010
51-9083.01,51-9083.01,51-9083.00,Ophthalmic Laboratory Technicians,1,2000,2010
51-9083.02,51-9083.02,51-9083.00,Ophthalmic Laboratory Technicians,1,2000,2010
51-9121.00,51-9121.00,51-9124.00,"Coating, Painting, and Spraying Machine Setters, Operators, and Tenders",1,2010,2010
51-9121.01,51-9121.01,51-9124.00,"Coating, Painting, and Spraying Machine Setters, Operators, and Tenders",2,2000,2010
51-9121.02,51-9121.02,51-9124.00,"Coating, Painting, and Spraying Machine Setters, Operators, and Tenders",2,2000,2010
51-9122.00,51-9122.00,51-9124.00,"Coating, Painting, and Spraying Machine Setters, Operators, and Tenders",1,2010,2010
51-9131.00,51-9131.00,51-9151.00,Photographic Process Workers and Processing Machine Operators,1,2009,2010
51-9131.01,51-9131.01,51-9151.00,Photographic Process Workers and Processing Machine Operators,2,2000,2009
51-9131.02,51-9131.02,51-9151.00,Photographic Process Workers and Processing Machine Operators,2,2000,2009
51-9131.03,51-9131.03,51-9151.00,Photographic Process Workers and Processing Machine Operators,2,2000,2009
51-9131.04,51-9131.04,51-9151.00,Photographic Process Workers and Processing Machine Operators,2,2000,2009
51-9132.00,51-9132.00,51-9151.00,Photographic Process Workers and Processing Machine Operators,1,2009,2010
51-9194.01,51-9194.01,51-9194.00,Etchers and Engravers,1,2000,2010
51-9194.02,51-9194.02,51-9194.00,Etchers and Engravers,1,2000,2010
51-9194.03,51-9194.03,51-9194.00,Etchers and Engravers,1,2000,2010
51-9194.04,51-9194.04,51-9194.00,Etchers and Engravers,1,2000,2010
51-9194.05,51-9194.05,51-9194.00,Etchers and Engravers,1,2000,2010
51-9194.06,51-9194.06,51-9194.00,Etchers and Engravers,1,2000,2010
51-9195.01,51-9195.01,51-9195.00,"Molders, Shapers, and Casters, Except Metal and Plastic",2,2000,2010
51-9195.02,51-9195.02,51-4072.00,"Molding, Coremaking, and Casting Machine Setters, Operators, and Tenders, Metal and Plastic",1,2000,2010
51-9195.06,51-9195.06,51-9195.00,"Molders, Shapers, and Casters, Except Metal and Plastic",2,2000,2010
51-9195.07,51-9195.07,51-9195.00,"Molders, Shapers, and Casters, Except Metal and Plastic",1,2010,2010
51-9198.01,51-9198.01,51-9198.00,Helpers--Production Workers,1,2000,2010
51-9198.02,51-9198.02,51-9198.00,Helpers--Production Workers,1,2000,2010
51-9199.01,51-9199.01,53-7062.04,Recycling and Reclamation Workers,1,2010,2010
51-9199.99,51-9199.99,51-9199.00,"Production Workers, All Other",1,2006,2010
53-1011.00,53-1011.00,53-1041.00,Aircraft Cargo Handling Supervisors,1,2010,2010
53-1021.00,53-1021.00,53-1042.00,"First-Line Supervisors of Helpers, Laborers, and Material Movers, Hand",1,2010,2010
53-1021.01,53-1021.01,53-1042.01,Recycling Coordinators,1,2010,2010
53-1031.00,53-1031.00,53-1043.00,First-Line Supervisors of Material-Moving Machine and Vehicle Operators,1,2010,2010
53-1031.00,53-1031.00,53-1044.00,First-Line Supervisors of Passenger Attendants,1,2010,2010
53-1031.00,53-1031.00,53-1049.00,"First-Line Supervisors of Transportation Workers, All Other",1,2010,2010
53-3021.00,53-3021.00,53-3052.00,"Bus Drivers, Transit and Intercity",1,2010,2010
53-3022.00,53-3022.00,53-3051.00,"Bus Drivers, School",1,2010,2010
53-3022.00,53-3022.00,53-3053.00,Shuttle Drivers and Chauffeurs,1,2010,2010
53-3032.01,53-3032.01,53-3032.00,Heavy and Tractor-Trailer Truck Drivers,1,2000,2010
53-3032.02,53-3032.02,53-3032.00,Heavy and Tractor-Trailer Truck Drivers,1,2000,2010
53-3041.00,53-3041.00,53-3053.00,Shuttle Drivers and Chauffeurs,1,2010,2010
53-3041.00,53-3041.00,53-3054.00,Taxi Drivers,1,2010,2010
53-3099.99,53-3099.99,53-3099.00,"Motor Vehicle Operators, All Other",1,2006,2010
53-4012.00,53-4012.00,53-4022.00,"Railroad Brake, Signal, and Switch Operators and Locomotive Firers",1,2010,2010
53-4021.00,53-4021.00,53-4022.00,"Railroad Brake, Signal, and Switch Operators and Locomotive Firers",1,2010,2010
53-4021.01,53-4021.01,53-4022.00,"Railroad Brake, Signal, and Switch Operators and Locomotive Firers",2,2000,2010
53-4021.02,53-4021.02,53-4022.00,"Railroad Brake, Signal, and Switch Operators and Locomotive Firers",2,2000,2010
53-4099.99,53-4099.99,53-4099.00,"Rail Transportation Workers, All Other",1,2006,2010
53-5011.01,53-5011.01,53-5011.00,Sailors and Marine Oilers,1,2000,2010
53-5011.02,53-5011.02,53-5011.00,Sailors and Marine Oilers,1,2000,2010
53-5021.01,53-5021.01,53-5021.00,"Captains, Mates, and Pilots of Water Vessels",1,2010,2010
53-5021.02,53-5021.02,53-5021.00,"Captains, Mates, and Pilots of Water Vessels",1,2010,2010
53-5021.03,53-5021.03,53-5021.00,"Captains, Mates, and Pilots of Water Vessels",1,2010,2010
53-6051.02,53-6051.02,53-6051.07,"Transportation Vehicle, Equipment and Systems Inspectors, Except Aviation",1,2000,2010
53-6051.03,53-6051.03,53-6051.00,Transportation Inspectors,2,2000,2010
53-6051.04,53-6051.04,53-6051.07,"Transportation Vehicle, Equipment and Systems Inspectors, Except Aviation",1,2000,2010
53-6051.05,53-6051.05,53-6051.07,"Transportation Vehicle, Equipment and Systems Inspectors, Except Aviation",1,2000,2010
53-6051.06,53-6051.06,53-6051.00,Transportation Inspectors,2,2000,2010
53-6051.08,53-6051.08,53-6051.00,Transportation Inspectors,1,2010,2010
53-6099.99,53-6099.99,53-6099.00,"Transportation Workers, All Other",1,2006,2010
53-7032.00,53-7032.00,47-5022.00,"Excavating and Loading Machine and Dragline Operators, Surface Mining",1,2010,2010
53-7032.00,53-7032.00,53-7199.00,"Material Moving Workers, All Other",1,2010,2010
53-7032.01,53-7032.01,47-5022.00,"Excavating and Loading Machine and Dragline Operators, Surface Mining",2,2000,2010
53-7032.01,53-7032.01,53-7199.00,"Material Moving Workers, All Other",2,2000,2010
53-7032.02,53-7032.02,47-5022.00,"Excavating and Loading Machine and Dragline Operators, Surface Mining",2,2000,2010
53-7032.02,53-7032.02,53-7199.00,"Material Moving Workers, All Other",2,2000,2010
53-7033.00,53-7033.00,47-5044.00,"Loading and Moving Machine Operators, Underground Mining",1,2010,2010
53-7062.01,53-7062.01,53-7062.00,"Laborers and Freight, Stock, and Material Movers, Hand",1,2000,2010
53-7062.02,53-7062.02,53-7062.00,"Laborers and Freight, Stock, and Material Movers, Hand",1,2000,2010
53-7062.03,53-7062.03,53-7062.00,"Laborers and Freight, Stock, and Material Movers, Hand",1,2000,2010
53-7071.01,53-7071.01,53-7071.00,Gas Compressor and Gas Pumping Station Operators,1,2000,2010
53-7071.02,53-7071.02,53-7071.00,Gas Compressor and Gas Pumping Station Operators,1,2000,2010
53-7111.00,53-7111.00,47-5044.00,"Loading and Moving Machine Operators, Underground Mining",1,2010,2010
53-7199.99,53-7199.99,53-7199.00,"Material Moving Workers, All Other",1,2006,2010
55-1019.99,55-1019.99,55-1019.00,"Military Officer Special and Tactical Operations Leaders, All Other",1,2006,2010
55-3017.00,55-3017.00,17-3029.00,"Engineering Technologists and Technicians, Except Drafters, All Other",1,2010,2010
55-3019.99,55-3019.99,55-3019.00,"Military Enlisted Tactical Operations and Air/Weapons Specialists and Crew Members, All Other",1,2006,2010
